Unique Id;UI Class;Displayed Text;Hint Text;Alternative Text;Input-Type;Checkable;Covers Unique Area;Visible Boundaries;Defined Boundaries;Internal Child-Ids;Is Clickable;Can be Visible;Is Enabled;Focus;Internal Id;Image Id;Text Input-Field;Is Keyboard-Element;Password-Field;Is Long-Clickable;Package Name;Internal ParentId;Resource Id;Is Scrollable;Selected;Visible Areas;Xpath;Has Clickable Descendant
177a5e2a-2dbb-3f12-8cce-7d3fa57138d4_c38bf77d-eb70-3372-9676-004dfc4776d4;android.widget.TextView;Use as overlay;;;0;disabled;true;453:729:744:103;453:729:744:103;[];false;true;true;disabled;1923481231;1385787565;false;false;false;false;ch.bailu.aat;-1054782039;android:id/alertTitle;false;false;[453:729:744:103];//android.widget.FrameLayout[1]/android.widget.FrameLayout[1]/android.widget.FrameLayout[1]/android.widget.LinearLayout[1]/android.widget.LinearLayout[1]/android.widget.LinearLayout[1]/android.widget.TextView[2];false
4b8d8a93-ec76-34a4-9fde-df11543b8b54_2cbb987b-1c9a-3210-b5d0-9bf4608cdfcb;android.widget.FrameLayout;;;;0;disabled;false;160:598:1120:1279;160:598:1120:1279;[1492465683];false;true;true;disabled;-1751316537;-625292169;false;false;false;false;ch.bailu.aat;1785170555;;false;disabled;[160:1589:10:223, 1277:1589:3:223, 160:1813:10:53, 1277:1813:3:53, 160:1867:1120:10, 160:1363:10:224, 1277:1363:3:224, 160:1137:10:224, 1277:1137:3:224, 160:911:10:224, 1277:911:3:224, 160:907:10:3, 1277:907:3:3, 1277:729:3:103, 160:598:1120:31, 160:630:10:55, 1277:630:3:55, 160:686:10:42, 160:729:10:103, 160:833:10:42, 160:876:10:30, 1277:876:3:30, 1277:686:3:42, 1277:833:3:42];//android.widget.FrameLayout[1]/android.widget.FrameLayout[1];true
53d7a190-74eb-36d5-8cdc-0a9ff4f5ce4f_4350257c-63be-3082-8914-423848783560;android.widget.CheckedTextView;0;;;0;true;true;215:1137:1017:224;215:1137:1017:224;[];true;true;true;disabled;263725343;-655755479;false;false;false;false;ch.bailu.aat;961567862;android:id/text1;false;false;[215:1137:1017:224];//android.widget.FrameLayout[1]/android.widget.FrameLayout[1]/android.widget.FrameLayout[1]/android.widget.LinearLayout[1]/android.widget.LinearLayout[2]/android.widget.ListView[1]/android.widget.CheckedTextView[2];false
53d7a190-74eb-36d5-8cdc-0a9ff4f5ce4f_a304bcc5-f490-323a-8743-3fd8aa7b523e;android.widget.CheckedTextView;0;;;0;true;true;215:1363:1017:224;215:1363:1017:224;[];true;true;true;disabled;263725374;-655755479;false;false;false;false;ch.bailu.aat;961567862;android:id/text1;false;false;[215:1363:1017:224];//android.widget.FrameLayout[1]/android.widget.FrameLayout[1]/android.widget.FrameLayout[1]/android.widget.LinearLayout[1]/android.widget.LinearLayout[2]/android.widget.ListView[1]/android.widget.CheckedTextView[3];false
53d7a190-74eb-36d5-8cdc-0a9ff4f5ce4f_bc7a7f11-acb9-3298-8a8a-3e4a733002a1;android.widget.CheckedTextView;0;;;0;false;true;215:1589:1017:223;215:1589:1017:223;[];true;true;true;disabled;263725405;997860411;false;false;false;false;ch.bailu.aat;961567862;android:id/text1;false;false;[215:1589:1017:223];//android.widget.FrameLayout[1]/android.widget.FrameLayout[1]/android.widget.FrameLayout[1]/android.widget.LinearLayout[1]/android.widget.LinearLayout[2]/android.widget.ListView[1]/android.widget.CheckedTextView[4];false
53d7a190-74eb-36d5-8cdc-0a9ff4f5ce4f_c173cedd-5df9-320b-a57c-e56f4693969a;android.widget.CheckedTextView;0;;;0;false;true;215:911:1017:224;215:911:1017:224;[];true;true;true;disabled;263725312;1050921475;false;false;false;false;ch.bailu.aat;961567862;android:id/text1;false;false;[215:911:1017:224];//android.widget.FrameLayout[1]/android.widget.FrameLayout[1]/android.widget.FrameLayout[1]/android.widget.LinearLayout[1]/android.widget.LinearLayout[2]/android.widget.ListView[1]/android.widget.CheckedTextView[1];false
5c596108-eb23-34d3-b7ba-2855059dba65_22f28ad7-38f2-3427-a81a-ffd01f11f777;android.widget.LinearLayout;;;;0;disabled;true;250:686:947:189;250:686:947:189;[1923481231, -376912020];false;true;true;disabled;-1054782039;-630466298;false;false;false;false;ch.bailu.aat;-1769054893;android:id/title_template;false;false;[454:686:743:42, 454:833:743:42];//android.widget.FrameLayout[1]/android.widget.FrameLayout[1]/android.widget.FrameLayout[1]/android.widget.LinearLayout[1]/android.widget.LinearLayout[1]/android.widget.LinearLayout[1];true
62b3b1be-7650-327f-9c7e-cdddb36d026c_af60e030-058c-3845-aa17-fb2aaf179481;android.widget.ListView;;;;0;disabled;false;215:911:1017:901;215:911:1017:901;[263725405, 263725374, 263725343, 263725312];false;true;true;true;961567862;576813081;false;false;false;false;ch.bailu.aat;-1769054862;android:id/select_dialog_listview;false;false;[215:1589:1017:223, 215:1363:1017:224, 215:1137:1017:224, 215:911:1017:224];//android.widget.FrameLayout[1]/android.widget.FrameLayout[1]/android.widget.FrameLayout[1]/android.widget.LinearLayout[1]/android.widget.LinearLayout[2]/android.widget.ListView[1];true
7dfb6d4f-e395-3574-8644-82f04bfaf496_3645dff6-934d-3acf-b540-97001ff6105a;android.widget.ImageView;;;;0;disabled;true;250:686:203:189;250:686:203:189;[];false;true;true;disabled;-376912020;1526290622;false;false;false;false;ch.bailu.aat;-1054782039;android:id/icon;false;false;[250:686:203:42, 250:729:202:103, 250:833:203:42];//android.widget.FrameLayout[1]/android.widget.FrameLayout[1]/android.widget.FrameLayout[1]/android.widget.LinearLayout[1]/android.widget.LinearLayout[1]/android.widget.LinearLayout[1]/android.widget.ImageView[1];true
81cea8a0-35a5-303c-9b12-44c2f9095713_a6c27cfb-858c-382d-b5d5-0190adebfd30;android.widget.FrameLayout;;;;0;disabled;false;160:598:1120:1279;160:598:1120:1279;[-1751316537];false;true;true;disabled;1785170555;-625292169;false;false;false;false;ch.bailu.aat;0;;false;disabled;[160:1589:10:223, 1277:1589:3:223, 160:1813:10:53, 1277:1813:3:53, 160:1867:1120:10, 160:1363:10:224, 1277:1363:3:224, 160:1137:10:224, 1277:1137:3:224, 160:911:10:224, 1277:911:3:224, 160:907:10:3, 1277:907:3:3, 1277:729:3:103, 160:598:1120:31, 160:630:10:55, 1277:630:3:55, 160:686:10:42, 160:729:10:103, 160:833:10:42, 160:876:10:30, 1277:876:3:30, 1277:686:3:42, 1277:833:3:42];//android.widget.FrameLayout[1];true
93ef6c8e-6b95-3538-b255-b7d763b754cb_163648c1-f222-38d5-80fb-a7a5134356ed;android.widget.LinearLayout;;;;0;disabled;true;171:630:1105:280;171:630:1105:281;[-1494805451, -1054782039];false;true;true;disabled;-1769054893;-919677474;false;false;false;false;ch.bailu.aat;1821317865;android:id/topPanel;false;false;[171:907:43:3, 1233:907:43:3, 1198:729:78:103, 171:630:1105:55, 171:686:78:42, 171:729:78:103, 171:833:78:42, 171:876:1105:30, 1198:686:78:42, 1198:833:78:42];//android.widget.FrameLayout[1]/android.widget.FrameLayout[1]/android.widget.FrameLayout[1]/android.widget.LinearLayout[1]/android.widget.LinearLayout[1];true
a1dbbb30-c492-314f-bbf4-2dfc8641a618_9c6180bb-c898-35ee-9525-22642efa0d08;android.widget.LinearLayout;;;;0;disabled;true;171:911:1105:955;171:911:1105:955;[961567862];false;true;true;disabled;-1769054862;183687269;false;false;false;false;ch.bailu.aat;1821317865;android:id/contentPanel;false;false;[171:1589:43:223, 1233:1589:43:223, 171:1813:1105:53, 171:1363:43:224, 1233:1363:43:224, 171:1137:43:224, 1233:1137:43:224, 171:911:43:224, 1233:911:43:224];//android.widget.FrameLayout[1]/android.widget.FrameLayout[1]/android.widget.FrameLayout[1]/android.widget.LinearLayout[1]/android.widget.LinearLayout[2];true
da475231-58d7-3f1f-9bcc-3d3d1c96d1f1_51f04c78-cb22-385a-8a39-2222f9822e06;android.widget.FrameLayout;;;;0;disabled;false;160:598:1120:1279;160:598:1120:1279;[1821317865];false;true;true;disabled;1492465683;-625292169;false;false;false;false;ch.bailu.aat;-1751316537;android:id/content;false;disabled;[160:1589:10:223, 1277:1589:3:223, 160:1813:10:53, 1277:1813:3:53, 160:1867:1120:10, 160:1363:10:224, 1277:1363:3:224, 160:1137:10:224, 1277:1137:3:224, 160:911:10:224, 1277:911:3:224, 160:907:10:3, 1277:907:3:3, 1277:729:3:103, 160:598:1120:31, 160:630:10:55, 1277:630:3:55, 160:686:10:42, 160:729:10:103, 160:833:10:42, 160:876:10:30, 1277:876:3:30, 1277:686:3:42, 1277:833:3:42];//android.widget.FrameLayout[1]/android.widget.FrameLayout[1]/android.widget.FrameLayout[1];true
ef00b983-2ce3-39fb-bbb9-c7e864cf12a1_545976dd-7c07-3389-825e-74411b0dc01e;android.widget.LinearLayout;;;;0;disabled;false;160:598:1120:1279;160:598:1120:1279;[-1769054862, -1769054893];false;true;true;disabled;1821317865;-625292169;false;false;false;false;ch.bailu.aat;1492465683;android:id/parentPanel;false;disabled;[160:1589:10:223, 1277:1589:3:223, 160:1813:10:53, 1277:1813:3:53, 160:1867:1120:10, 160:1363:10:224, 1277:1363:3:224, 160:1137:10:224, 1277:1137:3:224, 160:911:10:224, 1277:911:3:224, 160:907:10:3, 1277:907:3:3, 1277:729:3:103, 160:598:1120:31, 160:630:10:55, 1277:630:3:55, 160:686:10:42, 160:729:10:103, 160:833:10:42, 160:876:10:30, 1277:876:3:30, 1277:686:3:42, 1277:833:3:42];//android.widget.FrameLayout[1]/android.widget.FrameLayout[1]/android.widget.FrameLayout[1]/android.widget.LinearLayout[1];true
f847e778-5c4f-365c-9186-5815f65f5321_980a929c-61f5-3b4c-9773-d2dd00a2ac51;android.widget.ImageView;;;;0;disabled;true;215:907:1017:3;215:907:1017:4;[];false;true;true;disabled;-1494805451;-2128768338;false;false;false;false;ch.bailu.aat;-1769054893;android:id/titleDivider;false;false;[215:907:1017:3];//android.widget.FrameLayout[1]/android.widget.FrameLayout[1]/android.widget.FrameLayout[1]/android.widget.LinearLayout[1]/android.widget.LinearLayout[1]/android.widget.ImageView[2];false